key_id,length,value
kgw-00,128,6.145133575982435
kgw-00,128,8.13539015676291
kgw-00,128,6.110100926607787
kgw-00,128,8.210724693959724
kgw-00,128,7.797606470364266
kgw-00,128,5.3921488125982115
kgw-00,128,6.795208855361117
kgw-00,128,3.7729688731351945
kgw-00,128,7.58946638440411
kgw-00,128,5.852184379828089
kgw-00,128,6.455825737302179
kgw-00,128,6.090776713655637
kgw-00,128,5.63383643659898
kgw-00,128,7.1319351262463435
kgw-00,128,2.6336286754210434
kgw-00,128,6.428345401070889
kgw-00,128,5.94418483337567
kgw-00,128,6.149210143435322
kgw-00,128,6.5861255059653905
kgw-00,128,8.444444444444445
kgw-00,128,4.005551702879947
kgw-00,128,7.111111111111111
kgw-00,128,5.628510875900897
kgw-00,128,8.417283805757453
kgw-00,128,5.257849983583071
kgw-00,128,7.84627953644927
kgw-00,128,7.081162132224989
kgw-00,128,5.973163205427982
kgw-00,128,4.81111099340118
kgw-00,128,5.868362732434004
kgw-00,128,6.377042156569663
kgw-00,128,6.351692687780163
kgw-00,128,6.776902458085621
kgw-00,128,3.6518672557722454
kgw-00,128,7.340166808764486
kgw-00,128,4.368709982513715
kgw-00,128,4.07712531321667
kgw-00,128,2.759069793365374
kgw-00,128,6.923703443728202
kgw-00,128,6.014319829436467
kgw-00,128,6.351692687780163
kgw-00,128,8.001811389132238
kgw-00,128,6.221710168382551
kgw-00,128,4.1957027502705015
kgw-00,128,4.216370213557839
kgw-00,128,6.090776713655637
kgw-00,128,7.306770072260992
kgw-00,128,5.938574464184706
kgw-00,128,7.177929134971079
kgw-00,128,7.004292204756843
kgw-00,256,6.352097575605493
kgw-00,256,10.617284338602161
kgw-00,256,7.453559924999299
kgw-00,256,10.118650936473378
kgw-00,256,10.250161379098767
kgw-00,256,8.14680123547705
kgw-00,256,8.084658442238583
kgw-00,256,5.012402917417549
kgw-00,256,11.737939375342709
kgw-00,256,9.020010365963913
kgw-00,256,6.92820323027551
kgw-00,256,7.175508532871661
kgw-00,256,7.872318332685893
kgw-00,256,9.000309928027916
kgw-00,256,6.352097575605493
kgw-00,256,7.120275558034701
kgw-00,256,7.280671669502767
kgw-00,256,6.149210143435322
kgw-00,256,7.332355751067665
kgw-00,256,10.118894877553425
kgw-00,256,5.763232592999441
kgw-00,256,10.198131360164535
kgw-00,256,7.0250996378783395
kgw-00,256,11.549225748274877
kgw-00,256,7.126550920784472
kgw-00,256,10.778099772957281
kgw-00,256,7.606388292556649
kgw-00,256,9.493691904626534
kgw-00,256,6.442528450810767
kgw-00,256,8.30992145092527
kgw-00,256,8.485281374238571
kgw-00,256,7.5296471362843995
kgw-00,256,7.772273779298728
kgw-00,256,4.93260816467648
kgw-00,256,10.233321416269114
kgw-00,256,5.793404518208806
kgw-00,256,5.963936834721053
kgw-00,256,4.88448114218581
kgw-00,256,10.735362127101256
kgw-00,256,8.14680123547705
kgw-00,256,9.40110441189613
kgw-00,256,8.001811389132238
kgw-00,256,7.268800519542946
kgw-00,256,5.174529696093895
kgw-00,256,7.304488726499312
kgw-00,256,8.795200711499172
kgw-00,256,7.536922104227614
kgw-00,256,7.814175153740369
kgw-00,256,11.444444444444445
kgw-00,256,7.453559924999299
kgw-00,512,8.502833318499821
kgw-00,512,12.107127430207736
kgw-00,512,11.016836368939403
kgw-00,512,14.926726864516962
kgw-00,512,11.648890725414214
kgw-00,512,11.670589816571683
kgw-00,512,10.502100630210073
kgw-00,512,5.960395606792697
kgw-00,512,16.3153737052485
kgw-00,512,11.739360230283088
kgw-00,512,8.243761032416938
kgw-00,512,7.740659417593445
kgw-00,512,11.899889389204088
kgw-00,512,12.274497243142468
kgw-00,512,8.229511997978236
kgw-00,512,9.389096669453552
kgw-00,512,6.692015300570433
kgw-00,512,6.149210143435322
kgw-00,512,8.327041650040513
kgw-00,512,10.251568182759227
kgw-00,512,6.016253072128877
kgw-00,512,11.929618161269211
kgw-00,512,8.423626767770834
kgw-00,512,17.535891979238112
kgw-00,512,10.167678819347238
kgw-00,512,13.48714816911151
kgw-00,512,10.666105158702758
kgw-00,512,13.566800462202764
kgw-00,512,10.318062930358412
kgw-00,512,8.218620487275484
kgw-00,512,9.008300440765238
kgw-00,512,8.485897298557912
kgw-00,512,7.6681158050723255
kgw-00,512,7.015720845576087
kgw-00,512,11.977832377707934
kgw-00,512,5.793404518208806
kgw-00,512,7.3437604542947135
kgw-00,512,9.436321531076338
kgw-00,512,13.259065461087687
kgw-00,512,10.199122723668403
kgw-00,512,14.55793025582048
kgw-00,512,8.001811389132238
kgw-00,512,10.341388641612394
kgw-00,512,5.174529696093895
kgw-00,512,11.672064899738603
kgw-00,512,12.106225743574502
kgw-00,512,7.320806164525238
kgw-00,512,10.486921732622987
kgw-00,512,15.434872662825796
kgw-00,512,9.07884159784155
kgw-01,128,5.184758473652126
kgw-01,128,6.680442993100892
kgw-01,128,5.133784403042142
kgw-01,128,4.079542458005146
kgw-01,128,2.6336286754210434
kgw-01,128,2.7756805500135044
kgw-01,128,3.872983346207417
kgw-01,128,2.1469577567869402
kgw-01,128,5.3921488125982115
kgw-01,128,3.6664242344096882
kgw-01,128,5.870707066887384
kgw-01,128,6.715471761210061
kgw-01,128,4.185110693297313
kgw-01,128,2.8867513459481287
kgw-01,128,4.07402763238362
kgw-01,128,2.246786159839883
kgw-01,128,4.849742261192856
kgw-01,128,4.076197322920544
kgw-01,128,7.295607947032544
kgw-01,128,7.080310846831777
kgw-01,128,4.77626131784145
kgw-01,128,5.9491307653089205
kgw-01,128,4.216370213557839
kgw-01,128,5.882545031137496
kgw-01,128,2.4270695636233146
kgw-01,128,1.8073922282301278
kgw-01,128,5.3921488125982115
kgw-01,128,3.207705923144653
kgw-01,128,1.2491885271652075
kgw-01,128,4.566315765408858
kgw-01,128,3.733026101029531
kgw-01,128,3.4641016151377544
kgw-01,128,4.28479604230855
kgw-01,128,3.5165880032459027
kgw-01,128,4.905778905196062
kgw-01,128,6.971370023173351
kgw-01,128,5.525456240589248
kgw-01,128,4.710379503822172
kgw-01,128,6.0553007081949835
kgw-01,128,4.005551702879947
kgw-01,128,6.764810911375622
kgw-01,128,5.973241301880029
kgw-01,128,4.286101569802875
kgw-01,128,6.324555320336758
kgw-01,128,3.5919965234379396
kgw-01,128,5.5425625842204065
kgw-01,128,4.079542458005146
kgw-01,128,3.92540507864431
kgw-01,128,7.201190377787749
kgw-01,128,5.4060979751392235
kgw-01,256,6.546536707079771
kgw-01,256,6.709364822692796
kgw-01,256,7.900773520499256
kgw-01,256,7.5648868615144025
kgw-01,256,5.085744046188986
kgw-01,256,6.136717378547106
kgw-01,256,7.479002866089018
kgw-01,256,4.88448114218581
kgw-01,256,10.265298051494732
kgw-01,256,5.623284923719705
kgw-01,256,8.347030995963435
kgw-01,256,8.652179786259845
kgw-01,256,6.090776713655637
kgw-01,256,4.323460152737352
kgw-01,256,5.470237405063839
kgw-01,256,2.0616921963871517
kgw-01,256,4.576246167494407
kgw-01,256,5.277920773236794
kgw-01,256,6.978853954319669
kgw-01,256,7.080310846831777
kgw-01,256,4.572407123923559
kgw-01,256,6.557126658868952
kgw-01,256,6.67126278349435
kgw-01,256,8.744552712511997
kgw-01,256,3.534876507833167
kgw-01,256,1.6733200530681511
kgw-01,256,8.117777102430551
kgw-01,256,5.008031374761046
kgw-01,256,1.9988475942575323
kgw-01,256,10.143527811495616
kgw-01,256,5.284093748822776
kgw-01,256,5.052467333920879
kgw-01,256,4.28479604230855
kgw-01,256,5.524801086147748
kgw-01,256,4.846789438575374
kgw-01,256,9.689627902499089
kgw-01,256,7.096524201163899
kgw-01,256,6.485742572128155
kgw-01,256,8.38396947294741
kgw-01,256,5.322393150872925
kgw-01,256,7.960234502408414
kgw-01,256,7.073723113428034
kgw-01,256,4.073400617738525
kgw-01,256,6.379256638060369
kgw-01,256,6.15870236931758
kgw-01,256,7.097954098256228
kgw-01,256,4.6098079548679864
kgw-01,256,5.963936834721053
kgw-01,256,7.61769676669425
kgw-01,256,6.309291761714246
kgw-01,512,8.918874092493695
kgw-01,512,11.03627440537834
kgw-01,512,10.97418267504096
kgw-01,512,10.109698738522873
kgw-01,512,9.013177166646766
kgw-01,512,6.399448505650358
kgw-01,512,11.215271415581974
kgw-01,512,9.285526074226388
kgw-01,512,15.1156294839906
kgw-01,512,9.09335306283235
kgw-01,512,13.118744195820053
kgw-01,512,10.404245390591814
kgw-01,512,6.932959978676789
kgw-01,512,3.849741916091625
kgw-01,512,6.442528450810766
kgw-01,512,3.8264127146647686
kgw-01,512,4.576246167494407
kgw-01,512,5.209615784139699
kgw-01,512,8.872596179414622
kgw-01,512,7.080310846831777
kgw-01,512,7.65963337348806
kgw-01,512,11.369098920161187
kgw-01,512,8.856960286199735
kgw-01,512,13.387141922840568
kgw-01,512,6.551396193118527
kgw-01,512,6.3867714592901015
kgw-01,512,9.354953314429288
kgw-01,512,6.13135351573854
kgw-01,512,4.474499752626407
kgw-01,512,14.44494784847086
kgw-01,512,7.9643870243828125
kgw-01,512,7.949196394614874
kgw-01,512,4.28479604230855
kgw-01,512,8.291572555227175
kgw-01,512,6.27936414940572
kgw-01,512,12.675699855793797
kgw-01,512,8.075728530872484
kgw-01,512,8.725037815114819
kgw-01,512,10.999583455614205
kgw-01,512,7.973684789531564
kgw-01,512,9.5703709436991
kgw-01,512,7.048110531835147
kgw-01,512,7.493191638218125
kgw-01,512,10.036902334546323
kgw-01,512,9.947508397109011
kgw-01,512,6.477539542026626
kgw-01,512,6.932993068047015
kgw-01,512,8.113159792791082
kgw-01,512,8.062690667686086
kgw-01,512,8.112086463534661
kgw-02,128,4.633154936028647
kgw-02,128,3.25330601081423
kgw-02,128,4.70437536140385
kgw-02,128,6.764810911375622
kgw-02,128,1.7179113807746667
kgw-02,128,6.145133575982435
kgw-02,128,3.44987526502949
kgw-02,128,4.011185078597973
kgw-02,128,6.145133575982435
kgw-02,128,6.145133575982435
kgw-02,128,7.673442541005147
kgw-02,128,3.459865122611959
kgw-02,128,4.145653226931325
kgw-02,128,2.972602165841174
kgw-02,128,4.905778905196062
kgw-02,128,2.870067618644763
kgw-02,128,3.9252728555211625
kgw-02,128,3.0550504633038935
kgw-02,128,5.112338016993791
kgw-02,128,7.599966688801081
kgw-02,128,2.703690352179376
kgw-02,128,4.145653226931325
kgw-02,128,5.466081666101212
kgw-02,128,6.636490846274722
kgw-02,128,2.8401877872187726
kgw-02,128,5.33162540959103
kgw-02,128,6.351692687780163
kgw-02,128,3.7523938719322816
kgw-02,128,4.406635872898061
kgw-02,128,6.288281455225325
kgw-02,128,5.938574464184706
kgw-02,128,4.492660681600603
kgw-02,128,7.58946638440411
kgw-02,128,4.286208662612396
kgw-02,128,2.903464745245191
kgw-02,128,4.633154936028647
kgw-02,128,5.122542060195303
kgw-02,128,3.940416439975616
kgw-02,128,7.462185372015077
kgw-02,128,2.6768057935155376
kgw-02,128,4.216691570992364
kgw-02,128,5.196152422706632
kgw-02,128,3.872983346207417
kgw-02,128,5.345486852652128
kgw-02,128,6.715471761210061
kgw-02,128,4.492660681600603
kgw-02,128,4.355197117867786
kgw-02,128,3.459865122611959
kgw-02,128,4.492660681600603
kgw-02,128,4.076197322920544
kgw-02,256,5.466988824296173
kgw-02,256,5.863929990299123
kgw-02,256,5.862839018422065
kgw-02,256,9.186028840824182
kgw-02,256,4.185185185185185
kgw-02,256,9.018133547096502
kgw-02,256,4.878860388300181
kgw-02,256,3.6188131180310394
kgw-02,256,7.855844048495726
kgw-02,256,7.810706122033858
kgw-02,256,10.163294038365082
kgw-02,256,4.162691437039262
kgw-02,256,6.330395444652031
kgw-02,256,4.238095238095238
kgw-02,256,6.599120175960898
kgw-02,256,4.341215710622296
kgw-02,256,6.393630007507253
kgw-02,256,5.168865612218189
kgw-02,256,6.549267512718191
kgw-02,256,9.430054396763888
kgw-02,256,2.7142857142857144
kgw-02,256,6.019701189699784
kgw-02,256,5.671153432800668
kgw-02,256,8.437758422458371
kgw-02,256,4.900189558324238
kgw-02,256,5.9523809523809526
kgw-02,256,9.238768246345257
kgw-02,256,3.7523938719322816
kgw-02,256,6.421300509484058
kgw-02,256,7.250975267904754
kgw-02,256,7.368433187702371
kgw-02,256,7.148148148148148
kgw-02,256,10.006147842821754
kgw-02,256,7.479002866089018
kgw-02,256,4.263717024912171
kgw-02,256,6.903107456934411
kgw-02,256,7.051561380739452
kgw-02,256,6.499641015727971
kgw-02,256,9.02893898143269
kgw-02,256,4.312836953549758
kgw-02,256,6.160837837909205
kgw-02,256,6.519339852676446
kgw-02,256,5.721398059070178
kgw-02,256,7.872318332685893
kgw-02,256,10.703703703703704
kgw-02,256,6.267831705280087
kgw-02,256,5.168113941217019
kgw-02,256,4.865127725673278
kgw-02,256,7.020117611696494
kgw-02,256,3.318060248025013
kgw-02,512,7.125984081009936
kgw-02,512,6.756639246921762
kgw-02,512,8.891502883619381
kgw-02,512,12.820229380096183
kgw-02,512,4.406148138015949
kgw-02,512,8.883219518190643
kgw-02,512,7.595388237649222
kgw-02,512,3.9848795580122016
kgw-02,512,10.4456394783366
kgw-02,512,8.0
kgw-02,512,12.511726782767205
kgw-02,512,6.351073488299558
kgw-02,512,8.23687767580373
kgw-02,512,4.986001910726012
kgw-02,512,9.332565252573827
kgw-02,512,4.468444550363132
kgw-02,512,7.183313998427189
kgw-02,512,6.6475260395490885
kgw-02,512,7.221388235179223
kgw-02,512,12.399742867834227
kgw-02,512,3.5484870437449065
kgw-02,512,8.150529904524669
kgw-02,512,8.0770608969151
kgw-02,512,12.626517764736793
kgw-02,512,8.09127873087215
kgw-02,512,6.334701284746778
kgw-02,512,12.623535079440357
kgw-02,512,3.7523938719322816
kgw-02,512,6.421300509484058
kgw-02,512,7.250975267904754
kgw-02,512,9.021648104927834
kgw-02,512,10.417282467673584
kgw-02,512,10.443243429765166
kgw-02,512,10.857153299911436
kgw-02,512,7.549834435270751
kgw-02,512,7.701540462154054
kgw-02,512,9.284410755973338
kgw-02,512,7.469502514853612
kgw-02,512,9.863270598118143
kgw-02,512,6.0
kgw-02,512,9.667632949365519
kgw-02,512,6.519339852676446
kgw-02,512,6.499954321052724
kgw-02,512,10.34905939218779
kgw-02,512,13.244194790630871
kgw-02,512,6.711107288589644
kgw-02,512,4.968303959482276
kgw-02,512,7.120653320005384
kgw-02,512,7.540524828359158
kgw-02,512,3.2306118618723594
kgw-03,128,3.499482363378076
kgw-03,128,3.863569705382231
kgw-03,128,2.8203064444075885
kgw-03,128,2.8401877872187726
kgw-03,128,5.616043527571814
kgw-03,128,1.8073922282301278
kgw-03,128,1.7179113807746667
kgw-03,128,1.2439326432940938
kgw-03,128,2.9938207967349952
kgw-03,128,3.9252728555211625
kgw-03,128,4.676520209497792
kgw-03,128,3.25330601081423
kgw-03,128,2.0548046676563256
kgw-03,128,1.9582476588923636
kgw-03,128,4.286101569802875
kgw-03,128,3.0019150975458255
kgw-03,128,6.059031639361167
kgw-03,128,2.6574700172636696
kgw-03,128,5.112338016993791
kgw-03,128,3.459865122611959
kgw-03,128,4.368709982513715
kgw-03,128,2.9871899562646265
kgw-03,128,3.872983346207417
kgw-03,128,5.33162540959103
kgw-03,128,2.5508381108472324
kgw-03,128,4.633154936028647
kgw-03,128,5.318897128791519
kgw-03,128,4.1478067789217015
kgw-03,128,3.525635762083446
kgw-03,128,4.81111099340118
kgw-03,128,1.39427400463467
kgw-03,128,1.8681617943926834
kgw-03,128,2.1783245945486835
kgw-03,128,5.184758473652126
kgw-03,128,4.77626131784145
kgw-03,128,2.2222222222222223
kgw-03,128,1.837023583785173
kgw-03,128,6.764810911375622
kgw-03,128,4.77626131784145
kgw-03,128,5.196152422706632
kgw-03,128,7.085662394599953
kgw-03,128,0.6311687442672026
kgw-03,128,2.759069793365374
kgw-03,128,2.4886840673530206
kgw-03,128,3.412987671891718
kgw-03,128,4.70437536140385
kgw-03,128,3.1491870248333806
kgw-03,128,5.318897128791519
kgw-03,128,5.196152422706632
kgw-03,128,4.857220665420977
kgw-03,256,3.9886201760873283
kgw-03,256,5.65741541751613
kgw-03,256,5.609925522483885
kgw-03,256,4.6098079548679864
kgw-03,256,7.182967045471111
kgw-03,256,4.308750785707306
kgw-03,256,3.5327778702487764
kgw-03,256,1.90132947261669
kgw-03,256,2.9938207967349952
kgw-03,256,3.7811767080232177
kgw-03,256,6.789347398332044
kgw-03,256,4.939391699536065
kgw-03,256,4.214183467997472
kgw-03,256,3.5955877295758247
kgw-03,256,5.819143739626464
kgw-03,256,3.3147007148981174
kgw-03,256,6.954604830907377
kgw-03,256,1.872764367669247
kgw-03,256,7.00634632949934
kgw-03,256,4.010456418384407
kgw-03,256,4.288450139351179
kgw-03,256,4.23285458089141
kgw-03,256,4.701021335159573
kgw-03,256,6.485742572128155
kgw-03,256,3.991794863154693
kgw-03,256,7.118151804112004
kgw-03,256,7.444444444444445
kgw-03,256,4.219098121001112
kgw-03,256,4.668210543582944
kgw-03,256,6.885303726590964
kgw-03,256,4.4094851283279715
kgw-03,256,3.249625775669422
kgw-03,256,2.1053798026662975
kgw-03,256,8.077936693518327
kgw-03,256,5.863929990299123
kgw-03,256,3.2025630761017427
kgw-03,256,4.839000847648182
kgw-03,256,7.375997107736237
kgw-03,256,6.651686669054555
kgw-03,256,5.322393150872925
kgw-03,256,8.29345923685746
kgw-03,256,0.7106690545187014
kgw-03,256,4.162825233426289
kgw-03,256,4.196397990844169
kgw-03,256,4.7483573524849145
kgw-03,256,7.236975829950854
kgw-03,256,3.9669502993951347
kgw-03,256,7.82475051664737
kgw-03,256,6.508320028924016
kgw-03,256,6.131705234001576
kgw-03,512,5.888884341303492
kgw-03,512,7.09877722124098
kgw-03,512,7.0571763700333445
kgw-03,512,8.882910744028951
kgw-03,512,7.751702321999271
kgw-03,512,7.183993046875879
kgw-03,512,5.4046162253401375
kgw-03,512,3.5226602280953054
kgw-03,512,2.9938207967349952
kgw-03,512,3.6181361349331636
kgw-03,512,7.907020380802636
kgw-03,512,7.108833879454707
kgw-03,512,6.603381797442179
kgw-03,512,5.755399993060316
kgw-03,512,7.9469131351400195
kgw-03,512,5.276163875099762
kgw-03,512,9.44113452382956
kgw-03,512,3.1216866492702118
kgw-03,512,8.821385498053193
kgw-03,512,6.581793068761733
kgw-03,512,7.39578761313524
kgw-03,512,5.09310359302938
kgw-03,512,6.3639610306789285
kgw-03,512,8.191075431218712
kgw-03,512,4.1512803849361735
kgw-03,512,9.171443976571224
kgw-03,512,9.979911795992102
kgw-03,512,4.1700371724083976
kgw-03,512,5.916343065171044
kgw-03,512,7.205101387564858
kgw-03,512,6.351073488299558
kgw-03,512,6.28375999594861
kgw-03,512,2.1053798026662975
kgw-03,512,8.364341768804712
kgw-03,512,7.765847365766682
kgw-03,512,4.929821969816765
kgw-03,512,5.76781731120474
kgw-03,512,7.981100123646707
kgw-03,512,7.964248652241103
kgw-03,512,6.833490955540644
kgw-03,512,12.76813053006212
kgw-03,512,0.4865336327998411
kgw-03,512,6.018647146591775
kgw-03,512,8.608808048223494
kgw-03,512,7.180804893387656
kgw-03,512,6.487807772622507
kgw-03,512,5.391291361472075
kgw-03,512,9.199667373411973
kgw-03,512,9.931459096297017
kgw-03,512,9.443365017680026
kgw-04,128,2.903464745245191
kgw-04,128,4.427188724235731
kgw-04,128,5.122542060195303
kgw-04,128,4.888888888888889
kgw-04,128,4.942441564001473
kgw-04,128,3.8002282059560812
kgw-04,128,3.525635762083446
kgw-04,128,3.3333333333333335
kgw-04,128,3.6664242344096882
kgw-04,128,4.079542458005146
kgw-04,128,6.558251799577893
kgw-04,128,3.4401648061622603
kgw-04,128,6.507240078691919
kgw-04,128,3.872983346207417
kgw-04,128,1.0369516947304254
kgw-04,128,1.7465452092823783
kgw-04,128,5.421151989096865
kgw-04,128,6.441288386528845
kgw-04,128,4.427188724235731
kgw-04,128,9.03696114115064
kgw-04,128,4.1760699754147375
kgw-04,128,3.619255434614984
kgw-04,128,2.6336286754210434
kgw-04,128,7.797606470364266
kgw-04,128,3.175533158401657
kgw-04,128,4.70437536140385
kgw-04,128,4.699219793398332
kgw-04,128,6.530303194575587
kgw-04,128,2.8401877872187726
kgw-04,128,5.698641048874861
kgw-04,128,0.5974379912529253
kgw-04,128,4.942441564001473
kgw-04,128,4.286208662612396
kgw-04,128,3.383764840919798
kgw-04,128,4.008459888474222
kgw-04,128,5.257849983583071
kgw-04,128,4.286101569802875
kgw-04,128,1.0369516947304254
kgw-04,128,6.090776713655637
kgw-04,128,5.732015352386977
kgw-04,128,7.800284895082002
kgw-04,128,5.732015352386977
kgw-04,128,3.9301878850246084
kgw-04,128,4.8488257455915145
kgw-04,128,0.8997354108424374
kgw-04,128,7.894775828363777
kgw-04,128,2.342606428329091
kgw-04,128,4.7699777957599565
kgw-04,128,4.9862068702740405
kgw-04,128,4.427188724235731
kgw-04,256,4.287483371536522
kgw-04,256,7.148148148148148
kgw-04,256,5.66881833850879
kgw-04,256,6.6824297419903465
kgw-04,256,7.410417377873241
kgw-04,256,6.974502000925911
kgw-04,256,6.2592592592592595
kgw-04,256,3.575277429186744
kgw-04,256,6.511786340516542
kgw-04,256,5.913164739915446
kgw-04,256,6.800765735834324
kgw-04,256,5.155066696336543
kgw-04,256,8.202761632452544
kgw-04,256,8.118637859995628
kgw-04,256,2.346353840341653
kgw-04,256,1.797434068545834
kgw-04,256,5.23163606809221
kgw-04,256,6.441288386528845
kgw-04,256,5.8643540622236605
kgw-04,256,10.174851712038027
kgw-04,256,6.948792289723034
kgw-04,256,5.780183934425398
kgw-04,256,2.909571869813232
kgw-04,256,10.29107003420828
kgw-04,256,5.331166226383616
kgw-04,256,6.032086208778172
kgw-04,256,6.499641015727971
kgw-04,256,7.814436675842198
kgw-04,256,4.185185185185185
kgw-04,256,6.404781918418871
kgw-04,256,2.5775333481682714
kgw-04,256,7.313071356019155
kgw-04,256,6.515556942388237
kgw-04,256,5.039047529047528
kgw-04,256,4.255826210924108
kgw-04,256,7.473028425354332
kgw-04,256,6.012383914104165
kgw-04,256,1.3875638123464207
kgw-04,256,8.928296334217794
kgw-04,256,6.352097575605493
kgw-04,256,9.84844336607029
kgw-04,256,8.46641699907157
kgw-04,256,5.7125098128215
kgw-04,256,6.8761326799234705
kgw-04,256,6.273872925193933
kgw-04,256,7.045638767423834
kgw-04,256,3.0486055597950434
kgw-04,256,7.6239986965736115
kgw-04,256,7.262478209508772
kgw-04,256,3.870328409458704
kgw-04,512,5.407380704358752
kgw-04,512,11.714412824002695
kgw-04,512,6.756541086800784
kgw-04,512,9.543225369715962
kgw-04,512,10.165875724194452
kgw-04,512,9.992087264911397
kgw-04,512,9.403390435736974
kgw-04,512,7.221396778225902
kgw-04,512,8.16496580927726
kgw-04,512,6.466360167344053
kgw-04,512,12.27662805212715
kgw-04,512,5.887840577551898
kgw-04,512,12.923392917769013
kgw-04,512,10.473212116777296
kgw-04,512,3.0609818451377384
kgw-04,512,0.8381580761249494
kgw-04,512,5.773502691896258
kgw-04,512,8.403653918204553
kgw-04,512,8.079647378096768
kgw-04,512,10.174851712038027
kgw-04,512,7.268800519542946
kgw-04,512,7.162190286286011
kgw-04,512,5.4550055013943775
kgw-04,512,14.156225509729024
kgw-04,512,6.861300805762172
kgw-04,512,6.032086208778172
kgw-04,512,6.314265226864584
kgw-04,512,12.698094768045127
kgw-04,512,6.417495425684222
kgw-04,512,6.579383579659138
kgw-04,512,3.683760776427254
kgw-04,512,8.534859274986486
kgw-04,512,7.049377769510539
kgw-04,512,5.974529834860508
kgw-04,512,5.207975310397793
kgw-04,512,9.699484522385712
kgw-04,512,9.751553253901083
kgw-04,512,4.626134250022507
kgw-04,512,12.83267862153364
kgw-04,512,9.130621059427956
kgw-04,512,12.582019697252838
kgw-04,512,13.968144691451906
kgw-04,512,6.960274049716834
kgw-04,512,10.490318566455977
kgw-04,512,7.35747155664606
kgw-04,512,12.614089931402415
kgw-04,512,3.0486055597950434
kgw-04,512,10.008239945697502
kgw-04,512,10.64862706770062
kgw-04,512,6.341743097160941
kgw-05,128,5.917113520619842
kgw-05,128,7.023116047838504
kgw-05,128,5.112338016993791
kgw-05,128,6.299068254080536
kgw-05,128,6.111753868860832
kgw-05,128,4.8488257455915145
kgw-05,128,6.090776713655637
kgw-05,128,4.023398993836124
kgw-05,128,5.846434037980073
kgw-05,128,4.699219793398332
kgw-05,128,8.088223218897317
kgw-05,128,4.355197117867786
kgw-05,128,6.516946235415336
kgw-05,128,5.719875971738852
kgw-05,128,4.905778905196062
kgw-05,128,3.318245423137361
kgw-05,128,5.174529696093895
kgw-05,128,8.315218406202998
kgw-05,128,5.070724870494426
kgw-05,128,5.973163205427982
kgw-05,128,6.923703443728202
kgw-05,128,8.381325221355192
kgw-05,128,4.633154936028647
kgw-05,128,1.7149858514250884
kgw-05,128,4.905778905196062
kgw-05,128,4.699219793398332
kgw-05,128,8.589556903873333
kgw-05,128,7.800284895082002
kgw-05,128,4.424923253510506
kgw-05,128,6.647097715994327
kgw-05,128,5.749792108382484
kgw-05,128,3.3730961708462712
kgw-05,128,5.186357593219519
kgw-05,128,5.938574464184706
kgw-05,128,6.351692687780163
kgw-05,128,5.525456240589248
kgw-05,128,4.905778905196062
kgw-05,128,2.7874925905782666
kgw-05,128,6.7158789672707995
kgw-05,128,6.090776713655637
kgw-05,128,7.8859162479719505
kgw-05,128,6.192296651092069
kgw-05,128,4.58257569495584
kgw-05,128,4.074462676957418
kgw-05,128,1.5009575487729128
kgw-05,128,5.806929490490382
kgw-05,128,2.1343747458109497
kgw-05,128,4.005551702879947
kgw-05,128,9.656638476543826
kgw-05,128,3.853373177942262
kgw-05,256,8.642317696799498
kgw-05,256,7.023116047838504
kgw-05,256,6.452473060939545
kgw-05,256,9.747223615001188
kgw-05,256,6.111753868860832
kgw-05,256,8.568764719232249
kgw-05,256,7.479002866089018
kgw-05,256,5.108462150409718
kgw-05,256,11.137382903317244
kgw-05,256,6.4050285123411
kgw-05,256,12.326994859246394
kgw-05,256,6.982972487551756
kgw-05,256,9.88207941084816
kgw-05,256,8.640987597877146
kgw-05,256,5.227092234209404
kgw-05,256,5.76067281405159
kgw-05,256,6.280969249458533
kgw-05,256,8.315218406202998
kgw-05,256,7.12039324756716
kgw-05,256,10.024580382141002
kgw-05,256,10.136841497999047
kgw-05,256,10.020639856840274
kgw-05,256,5.962847939999439
kgw-05,256,2.0349703424076053
kgw-05,256,6.3535816670599266
kgw-05,256,7.379272222691433
kgw-05,256,9.881961920085176
kgw-05,256,8.589949594878494
kgw-05,256,6.602514466391692
kgw-05,256,6.69394419523265
kgw-05,256,10.013282318241613
kgw-05,256,6.413001035278336
kgw-05,256,7.190924955066747
kgw-05,256,9.110722808439878
kgw-05,256,8.928296334217794
kgw-05,256,9.074074074074074
kgw-05,256,8.198915917499228
kgw-05,256,6.061614421827497
kgw-05,256,7.6816252500694535
kgw-05,256,8.870655251454874
kgw-05,256,9.101932853771531
kgw-05,256,8.387646694984822
kgw-05,256,4.48358830654244
kgw-05,256,6.774048824625568
kgw-05,256,1.9518001458970664
kgw-05,256,7.6353100253803365
kgw-05,256,5.279296140768719
kgw-05,256,7.244368455354814
kgw-05,256,12.988770765446692
kgw-05,256,5.408756742476472
kgw-05,512,10.905470779810146
kgw-05,512,7.023116047838504
kgw-05,512,10.784297625196423
kgw-05,512,13.324589865020645
kgw-05,512,6.111753868860832
kgw-05,512,13.260587474183293
kgw-05,512,9.703445921171408
kgw-05,512,6.816465178585173
kgw-05,512,11.785113019775793
kgw-05,512,8.934970246426992
kgw-05,512,15.701379981814762
kgw-05,512,10.082439122334371
kgw-05,512,12.755307822743198
kgw-05,512,8.14469763619634
kgw-05,512,7.217738727594178
kgw-05,512,6.7533018106860725
kgw-05,512,8.90576216171422
kgw-05,512,8.862587350511957
kgw-05,512,7.305140612272933
kgw-05,512,14.425362202774618
kgw-05,512,11.252102491506896
kgw-05,512,10.71008320943125
kgw-05,512,8.26717890052983
kgw-05,512,3.2549537970028855
kgw-05,512,7.958876836025877
kgw-05,512,8.16496580927726
kgw-05,512,12.458986650778602
kgw-05,512,11.309650022557486
kgw-05,512,10.232343558582006
kgw-05,512,6.606437893829143
kgw-05,512,12.16743098651454
kgw-05,512,9.744805811819829
kgw-05,512,7.190924955066747
kgw-05,512,9.308061022576076
kgw-05,512,11.99462614012736
kgw-05,512,14.545078962793507
kgw-05,512,10.309826235529032
kgw-05,512,8.042616983498743
kgw-05,512,8.246211251235321
kgw-05,512,12.276491791723348
kgw-05,512,12.604725034644447
kgw-05,512,11.485385238383346
kgw-05,512,6.4440824357888165
kgw-05,512,7.361215932167729
kgw-05,512,2.116950987028628
kgw-05,512,10.442439102669237
kgw-05,512,6.5776381215271025
kgw-05,512,6.8664364913051195
kgw-05,512,15.828427920510066
kgw-05,512,9.587896707433325
kgw-06,128,3.318245423137361
kgw-06,128,3.136280808528076
kgw-06,128,5.732015352386977
kgw-06,128,6.429100507328637
kgw-06,128,6.507240078691919
kgw-06,128,3.0123203803835468
kgw-06,128,4.977368134706041
kgw-06,128,2.5560386016907755
kgw-06,128,7.378647873726218
kgw-06,128,5.466081666101212
kgw-06,128,6.558251799577893
kgw-06,128,4.841386618546788
kgw-06,128,2.342606428329091
kgw-06,128,5.466081666101212
kgw-06,128,6.014319829436467
kgw-06,128,2.528102914801153
kgw-06,128,3.785166493051126
kgw-06,128,6.083786736826829
kgw-06,128,4.905778905196062
kgw-06,128,4.727802097809969
kgw-06,128,7.58946638440411
kgw-06,128,6.945126536550335
kgw-06,128,3.8680419638209433
kgw-06,128,7.46251134875198
kgw-06,128,6.351692687780163
kgw-06,128,5.95887545777821
kgw-06,128,5.163977794943222
kgw-06,128,5.749792108382484
kgw-06,128,2.508674409613032
kgw-06,128,6.764810911375622
kgw-06,128,6.090776713655637
kgw-06,128,1.9298025627080306
kgw-06,128,4.20084025208403
kgw-06,128,7.177929134971079
kgw-06,128,7.800284895082002
kgw-06,128,4.699219793398332
kgw-06,128,4.075272154992216
kgw-06,128,5.318897128791519
kgw-06,128,7.051271524166892
kgw-06,128,4.008459888474222
kgw-06,128,5.5407087589867565
kgw-06,128,4.446192466704561
kgw-06,128,4.633154936028647
kgw-06,128,4.710379503822172
kgw-06,128,5.184758473652126
kgw-06,128,4.355197117867786
kgw-06,128,1.9582476588923636
kgw-06,128,4.492660681600603
kgw-06,128,6.715471761210061
kgw-06,128,4.145653226931325
kgw-06,256,6.11588427000057
kgw-06,256,5.811865258054231
kgw-06,256,8.451848019206157
kgw-06,256,6.299415427683661
kgw-06,256,9.62266679242952
kgw-06,256,3.986850532556967
kgw-06,256,8.292279828967711
kgw-06,256,3.8537521485546993
kgw-06,256,10.940474810127679
kgw-06,256,8.795932074125606
kgw-06,256,9.981867618808632
kgw-06,256,7.072989586315386
kgw-06,256,5.913001389664446
kgw-06,256,6.407407407407407
kgw-06,256,8.552161715843953
kgw-06,256,2.7777777777777777
kgw-06,256,6.559132733999383
kgw-06,256,9.619361210171034
kgw-06,256,7.375997107736237
kgw-06,256,7.5277265270908105
kgw-06,256,9.80908669643519
kgw-06,256,9.848261398325613
kgw-06,256,7.287104519992725
kgw-06,256,11.254952007318607
kgw-06,256,7.666789485628854
kgw-06,256,9.258274475219634
kgw-06,256,5.957451474428931
kgw-06,256,7.616460029316532
kgw-06,256,2.8660300129831313
kgw-06,256,7.685701999212574
kgw-06,256,8.012790979247395
kgw-06,256,4.105177495493167
kgw-06,256,4.744237363580554
kgw-06,256,9.588074576736918
kgw-06,256,8.813199707425756
kgw-06,256,6.485742572128155
kgw-06,256,6.316520111843152
kgw-06,256,6.4236405483757295
kgw-06,256,8.7572299062119
kgw-06,256,7.229937759068193
kgw-06,256,8.347987115999214
kgw-06,256,7.258545755623952
kgw-06,256,6.734089951855023
kgw-06,256,8.13733471206735
kgw-06,256,6.8875428863965835
kgw-06,256,6.061426456557822
kgw-06,256,4.011887099014389
kgw-06,256,7.6681158050723255
kgw-06,256,10.882197490498976
kgw-06,256,5.518518518518518
kgw-06,512,9.573327946744628
kgw-06,512,7.636624436679156
kgw-06,512,10.03600077099488
kgw-06,512,10.716376369645428
kgw-06,512,13.734746989071228
kgw-06,512,7.575517881831239
kgw-06,512,11.172600602340053
kgw-06,512,7.437008196115619
kgw-06,512,11.648208067068039
kgw-06,512,8.925936389283306
kgw-06,512,13.35249034292719
kgw-06,512,7.209605902279753
kgw-06,512,6.580444574940095
kgw-06,512,8.999295250772187
kgw-06,512,10.428008574596515
kgw-06,512,7.32325314529251
kgw-06,512,10.045894683899487
kgw-06,512,10.296424618196378
kgw-06,512,10.286889997472795
kgw-06,512,9.83192080250175
kgw-06,512,10.624686303339436
kgw-06,512,13.570686129027472
kgw-06,512,9.909320937882706
kgw-06,512,16.718934435851754
kgw-06,512,8.8334233780355
kgw-06,512,11.950052628704611
kgw-06,512,6.565254306008573
kgw-06,512,7.715167498104595
kgw-06,512,6.768567212468576
kgw-06,512,8.409921281218045
kgw-06,512,9.628629601494886
kgw-06,512,9.290570237638903
kgw-06,512,4.744237363580554
kgw-06,512,12.427660093323643
kgw-06,512,12.254674214790455
kgw-06,512,6.49519052838329
kgw-06,512,9.179820975914895
kgw-06,512,10.676022994423858
kgw-06,512,11.036851024495743
kgw-06,512,9.122014874932296
kgw-06,512,10.365349786209638
kgw-06,512,11.115107075813501
kgw-06,512,8.133265027035575
kgw-06,512,12.229481159234997
kgw-06,512,11.1908391307386
kgw-06,512,6.734755537760249
kgw-06,512,3.836672740807811
kgw-06,512,13.093073414159543
kgw-06,512,14.264772311947269
kgw-06,512,6.8086967717187
kgw-07,128,5.437657210787472
kgw-07,128,6.636490846274722
kgw-07,128,5.184758473652126
kgw-07,128,6.909422044885541
kgw-07,128,7.797606470364266
kgw-07,128,10.310983666983038
kgw-07,128,8.635891173017482
kgw-07,128,6.864053200365551
kgw-07,128,7.0
kgw-07,128,7.96486185631891
kgw-07,128,9.954736269412082
kgw-07,128,4.562587456813871
kgw-07,128,6.729773775727069
kgw-07,128,5.5407087589867565
kgw-07,128,4.492660681600603
kgw-07,128,6.507240078691919
kgw-07,128,5.483159732344709
kgw-07,128,5.167050676973538
kgw-07,128,4.977368134706041
kgw-07,128,8.088223218897317
kgw-07,128,6.2182527020592095
kgw-07,128,7.29096647162744
kgw-07,128,6.059031639361167
kgw-07,128,8.13539015676291
kgw-07,128,8.710394235735572
kgw-07,128,6.843881185220807
kgw-07,128,9.539955591519913
kgw-07,128,7.205766921228921
kgw-07,128,4.079542458005146
kgw-07,128,6.128258770283413
kgw-07,128,4.424923253510506
kgw-07,128,4.913458710799577
kgw-07,128,10.069756700139283
kgw-07,128,5.938574464184706
kgw-07,128,6.971370023173351
kgw-07,128,6.83637137649497
kgw-07,128,6.2182527020592095
kgw-07,128,8.097618697581936
kgw-07,128,2.073840159735094
kgw-07,128,9.579535844851833
kgw-07,128,9.125174913627742
kgw-07,128,5.777777777777778
kgw-07,128,4.783446031074605
kgw-07,128,6.059031639361167
kgw-07,128,10.721514687439571
kgw-07,128,7.378647873726218
kgw-07,128,7.797606470364266
kgw-07,128,5.95887545777821
kgw-07,128,7.547214849028821
kgw-07,128,0.9630868246861536
kgw-07,256,8.7572299062119
kgw-07,256,9.093343108499145
kgw-07,256,6.629374404320354
kgw-07,256,11.156573658721083
kgw-07,256,11.38400757270042
kgw-07,256,13.746695283073446
kgw-07,256,11.048842612551011
kgw-07,256,7.48554161923727
kgw-07,256,9.033990003951681
kgw-07,256,10.703703703703704
kgw-07,256,12.884261100288926
kgw-07,256,8.451848019206157
kgw-07,256,10.591864656387221
kgw-07,256,8.5909824381797
kgw-07,256,8.54447189708059
kgw-07,256,9.045154217304137
kgw-07,256,9.050971106611133
kgw-07,256,5.167050676973538
kgw-07,256,8.05368771372299
kgw-07,256,9.533103930343842
kgw-07,256,7.285714285714286
kgw-07,256,7.29096647162744
kgw-07,256,9.093343108499145
kgw-07,256,12.089559413333086
kgw-07,256,11.757777567777566
kgw-07,256,9.914570151988501
kgw-07,256,13.481792049867543
kgw-07,256,9.961258287318257
kgw-07,256,4.752036831022305
kgw-07,256,10.031222734705107
kgw-07,256,7.8052480288706825
kgw-07,256,6.79742532782406
kgw-07,256,13.619888215897742
kgw-07,256,9.365600644465196
kgw-07,256,8.490992023970392
kgw-07,256,7.850689990907381
kgw-07,256,8.355371151195847
kgw-07,256,9.93619404839771
kgw-07,256,2.073840159735094
kgw-07,256,11.553876556899139
kgw-07,256,10.76362395012995
kgw-07,256,7.410936905385367
kgw-07,256,6.756798131338121
kgw-07,256,9.703654957809963
kgw-07,256,11.434490492170342
kgw-07,256,9.941348467724342
kgw-07,256,8.675150403255502
kgw-07,256,7.4877678026676735
kgw-07,256,8.32856474364059
kgw-07,256,5.71360833423541
kgw-07,512,12.902404632226558
kgw-07,512,9.784801034683515
kgw-07,512,10.206053204475207
kgw-07,512,14.312209304648093
kgw-07,512,13.63623653897757
kgw-07,512,16.74044277318925
kgw-07,512,15.806909859184811
kgw-07,512,11.336504746582213
kgw-07,512,11.572751247156893
kgw-07,512,12.899760056830885
kgw-07,512,17.95333234489272
kgw-07,512,10.288636384251463
kgw-07,512,12.92544880809778
kgw-07,512,9.884805071067472
kgw-07,512,13.081846502072253
kgw-07,512,12.10455065337605
kgw-07,512,15.405653791878532
kgw-07,512,5.167050676973538
kgw-07,512,11.708667566160694
kgw-07,512,9.797958971132713
kgw-07,512,6.932959978676789
kgw-07,512,7.29096647162744
kgw-07,512,12.175234353788221
kgw-07,512,14.83734465568108
kgw-07,512,13.823474070368478
kgw-07,512,12.691099938935324
kgw-07,512,16.985321432482806
kgw-07,512,12.195955613781699
kgw-07,512,9.62180964160177
kgw-07,512,12.093836015310336
kgw-07,512,10.841169081535302
kgw-07,512,6.617891751008789
kgw-07,512,17.396543417120004
kgw-07,512,11.979901398510654
kgw-07,512,11.776452015653057
kgw-07,512,12.255892319685424
kgw-07,512,9.29377143887408
kgw-07,512,13.12549654725462
kgw-07,512,2.073840159735094
kgw-07,512,13.904589811406844
kgw-07,512,15.201736442382783
kgw-07,512,9.410436440100643
kgw-07,512,12.130877630674355
kgw-07,512,14.50161779828399
kgw-07,512,11.434490492170342
kgw-07,512,12.765746578805555
kgw-07,512,11.424090634581532
kgw-07,512,11.2277999654203
kgw-07,512,8.262364471909157
kgw-07,512,8.093690751296878
kgw-08,128,5.6743133486193535
kgw-08,128,5.960395606792697
kgw-08,128,4.424923253510506
kgw-08,128,6.145133575982435
kgw-08,128,6.351692687780163
kgw-08,128,5.5407087589867565
kgw-08,128,6.764754597315764
kgw-08,128,6.655897450666319
kgw-08,128,5.653009971610738
kgw-08,128,3.6664242344096882
kgw-08,128,8.210724693959724
kgw-08,128,4.079542458005146
kgw-08,128,6.957010852370434
kgw-08,128,9.521904571390467
kgw-08,128,7.06616537234354
kgw-08,128,2.0701966780270626
kgw-08,128,3.738331764050571
kgw-08,128,5.852184379828089
kgw-08,128,5.825989080004406
kgw-08,128,6.558251799577893
kgw-08,128,4.922081953432157
kgw-08,128,3.5496478698597693
kgw-08,128,4.607929004307452
kgw-08,128,5.938574464184706
kgw-08,128,6.377042156569663
kgw-08,128,6.1137368096588665
kgw-08,128,0.3614784456460256
kgw-08,128,6.479515952918627
kgw-08,128,5.318897128791519
kgw-08,128,3.207705923144653
kgw-08,128,2.9673014758835152
kgw-08,128,5.768891751872098
kgw-08,128,4.710379503822172
kgw-08,128,7.591047358566537
kgw-08,128,3.936479108111085
kgw-08,128,4.570848429693512
kgw-08,128,3.5078604227880437
kgw-08,128,7.7154990518977264
kgw-08,128,7.880832879951232
kgw-08,128,6.558251799577893
kgw-08,128,7.505553499465135
kgw-08,128,5.049618301064929
kgw-08,128,4.598331663554763
kgw-08,128,8.088223218897317
kgw-08,128,4.913458710799577
kgw-08,128,5.749792108382484
kgw-08,128,5.184758473652126
kgw-08,128,3.8502677054341
kgw-08,128,8.004165582161995
kgw-08,128,3.44987526502949
kgw-08,256,8.063129956636505
kgw-08,256,5.960395606792697
kgw-08,256,6.6101861297134485
kgw-08,256,9.320410747235078
kgw-08,256,7.78730605807526
kgw-08,256,8.10401350365999
kgw-08,256,8.896831448950193
kgw-08,256,8.579169571563114
kgw-08,256,5.882545031137496
kgw-08,256,5.227092234209404
kgw-08,256,11.173540173105389
kgw-08,256,7.444444444444445
kgw-08,256,8.95537192812784
kgw-08,256,9.521904571390467
kgw-08,256,9.271028263655666
kgw-08,256,5.8374513053647314
kgw-08,256,4.315767642046551
kgw-08,256,7.555555555555555
kgw-08,256,7.732600044504815
kgw-08,256,9.108770332470622
kgw-08,256,8.603773713806056
kgw-08,256,8.226366627527563
kgw-08,256,6.979325372767739
kgw-08,256,9.255913610168005
kgw-08,256,8.398412548412546
kgw-08,256,6.80083569278207
kgw-08,256,2.6186146828319083
kgw-08,256,7.555733512432204
kgw-08,256,7.9079196103071885
kgw-08,256,3.6159134298227866
kgw-08,256,6.210796827601775
kgw-08,256,5.963936834721053
kgw-08,256,7.666666666666667
kgw-08,256,9.29418723338866
kgw-08,256,6.012345575541038
kgw-08,256,7.207353602116796
kgw-08,256,4.011887099014389
kgw-08,256,7.613094796266095
kgw-08,256,12.634133659785832
kgw-08,256,8.05368771372299
kgw-08,256,9.334790441485303
kgw-08,256,7.615228698209693
kgw-08,256,6.4236405483757295
kgw-08,256,11.465658870441477
kgw-08,256,7.971694188321499
kgw-08,256,8.888505639501942
kgw-08,256,6.210796827601775
kgw-08,256,5.127289686185709
kgw-08,256,11.438474971665558
kgw-08,256,2.8239820062917005
kgw-08,512,12.411831337650241
kgw-08,512,5.960395606792697
kgw-08,512,9.903920771738033
kgw-08,512,10.72398760109439
kgw-08,512,11.988953539550511
kgw-08,512,12.476758293843826
kgw-08,512,11.617887443161743
kgw-08,512,12.701705922171767
kgw-08,512,5.882545031137496
kgw-08,512,7.52700057824616
kgw-08,512,14.485070206362439
kgw-08,512,10.130096085170962
kgw-08,512,12.4469332650493
kgw-08,512,9.521904571390467
kgw-08,512,12.794206456780875
kgw-08,512,8.530658125857796
kgw-08,512,5.209615784139699
kgw-08,512,7.940312658920479
kgw-08,512,9.455604195619937
kgw-08,512,9.108770332470622
kgw-08,512,9.202555237582839
kgw-08,512,9.664647195081951
kgw-08,512,8.628810800969399
kgw-08,512,14.029812997690513
kgw-08,512,11.395042542067104
kgw-08,512,11.387323695214663
kgw-08,512,8.255990628289528
kgw-08,512,12.112678528388157
kgw-08,512,11.067914626397114
kgw-08,512,4.657971306985123
kgw-08,512,11.019745124488844
kgw-08,512,7.064382103588006
kgw-08,512,7.666666666666667
kgw-08,512,11.276723072797042
kgw-08,512,8.467822096915294
kgw-08,512,11.150647815387247
kgw-08,512,4.808625148313546
kgw-08,512,10.48233756130109
kgw-08,512,14.879030283209811
kgw-08,512,10.643954273457432
kgw-08,512,13.501304506146715
kgw-08,512,7.615228698209693
kgw-08,512,8.818700040537973
kgw-08,512,15.055475508903351
kgw-08,512,12.09055665731268
kgw-08,512,11.936369761234907
kgw-08,512,8.183095079796905
kgw-08,512,5.696543022714613
kgw-08,512,16.1888992760507
kgw-08,512,3.712882773455955
kgw-09,128,4.638007234913623
kgw-09,128,5.980594201482083
kgw-09,128,4.699219793398332
kgw-09,128,6.535373831014651
kgw-09,128,8.397605254553195
kgw-09,128,3.525635762083446
kgw-09,128,3.6664242344096882
kgw-09,128,6.207522318391883
kgw-09,128,7.250808899141995
kgw-09,128,3.25330601081423
kgw-09,128,9.03696114115064
kgw-09,128,5.789407688124092
kgw-09,128,4.791598928317673
kgw-09,128,7.7154990518977264
kgw-09,128,5.184758473652126
kgw-09,128,5.525456240589248
kgw-09,128,4.79773538663635
kgw-09,128,1.9414506867883017
kgw-09,128,5.6743133486193535
kgw-09,128,9.03696114115064
kgw-09,128,6.411560504908934
kgw-09,128,5.732015352386977
kgw-09,128,3.940416439975616
kgw-09,128,8.088223218897317
kgw-09,128,4.286101569802875
kgw-09,128,6.764810911375622
kgw-09,128,6.455825737302179
kgw-09,128,6.971370023173351
kgw-09,128,6.7461923416925424
kgw-09,128,4.04145188432738
kgw-09,128,5.557189302262112
kgw-09,128,4.922081953432157
kgw-09,128,4.55691036764664
kgw-09,128,6.971370023173351
kgw-09,128,6.923703443728202
kgw-09,128,5.133784403042142
kgw-09,128,6.647097715994327
kgw-09,128,8.021890340666666
kgw-09,128,12.545958871718021
kgw-09,128,6.351692687780163
kgw-09,128,8.886042349318384
kgw-09,128,5.608620240715733
kgw-09,128,5.938574464184706
kgw-09,128,5.806929490490382
kgw-09,128,7.678480600189427
kgw-09,128,4.905778905196062
kgw-09,128,2.8401877872187726
kgw-09,128,5.938574464184706
kgw-09,128,5.3921488125982115
kgw-09,128,6.636490846274722
kgw-09,256,5.356147093602984
kgw-09,256,10.163294038365082
kgw-09,256,6.012934265901779
kgw-09,256,9.679179966438017
kgw-09,256,10.916421298587462
kgw-09,256,6.169533405176746
kgw-09,256,5.1739145754006195
kgw-09,256,6.207522318391883
kgw-09,256,10.916611827536208
kgw-09,256,4.241838902989076
kgw-09,256,9.245003270420485
kgw-09,256,8.188793441537587
kgw-09,256,5.2261966393479025
kgw-09,256,10.131126112730842
kgw-09,256,6.559132733999383
kgw-09,256,6.7552448758970485
kgw-09,256,4.768316485434157
kgw-09,256,1.7407765595569784
kgw-09,256,6.128258770283412
kgw-09,256,12.345823376296524
kgw-09,256,7.880323755250299
kgw-09,256,9.836676817080505
kgw-09,256,5.914334369347778
kgw-09,256,12.050547135898428
kgw-09,256,4.946272178682494
kgw-09,256,8.411910241920598
kgw-09,256,10.126446935437517
kgw-09,256,10.403888521055164
kgw-09,256,9.97416953791214
kgw-09,256,4.04145188432738
kgw-09,256,7.392212709545729
kgw-09,256,8.213141676759975
kgw-09,256,5.9932211027953795
kgw-09,256,10.118650936473378
kgw-09,256,7.7407407407407405
kgw-09,256,7.444444444444445
kgw-09,256,10.087644094647752
kgw-09,256,7.847174434874099
kgw-09,256,15.578282411192925
kgw-09,256,9.019672796421018
kgw-09,256,9.306536455368724
kgw-09,256,7.32709181802739
kgw-09,256,8.29345923685746
kgw-09,256,10.826254763665606
kgw-09,256,9.015546511191848
kgw-09,256,5.5793737789026006
kgw-09,256,4.364357804719847
kgw-09,256,9.762622716708984
kgw-09,256,10.227360045452025
kgw-09,256,7.710365455005064
kgw-09,512,8.433802953476238
kgw-09,512,12.675127983405593
kgw-09,512,9.317854374693326
kgw-09,512,14.783214938498713
kgw-09,512,11.018736590635593
kgw-09,512,13.584286757696498
kgw-09,512,6.8560608975300585
kgw-09,512,6.207522318391883
kgw-09,512,14.456636893914363
kgw-09,512,7.7250587550876295
kgw-09,512,9.70946667004732
kgw-09,512,9.7753588553398
kgw-09,512,5.2261966393479025
kgw-09,512,14.881025862067197
kgw-09,512,8.292279828967711
kgw-09,512,6.7552448758970485
kgw-09,512,4.768316485434157
kgw-09,512,1.7407765595569784
kgw-09,512,11.129690348889502
kgw-09,512,15.256428831468234
kgw-09,512,8.355044182110838
kgw-09,512,14.340879732772562
kgw-09,512,9.535141263710722
kgw-09,512,16.312027219562484
kgw-09,512,7.399301678400374
kgw-09,512,9.848560041821377
kgw-09,512,12.82845172382291
kgw-09,512,11.84094256349887
kgw-09,512,12.624293289728687
kgw-09,512,4.04145188432738
kgw-09,512,10.466438492460519
kgw-09,512,12.370346709248144
kgw-09,512,5.9932211027953795
kgw-09,512,10.24020926496
kgw-09,512,9.186381789889335
kgw-09,512,9.946917938265512
kgw-09,512,12.20975282356241
kgw-09,512,9.41158896642072
kgw-09,512,15.578282411192925
kgw-09,512,11.736911946539275
kgw-09,512,13.0389292203645
kgw-09,512,7.476190476190476
kgw-09,512,10.807173955880232
kgw-09,512,12.40598933695219
kgw-09,512,13.758514222655855
kgw-09,512,8.557249519385103
kgw-09,512,5.554555234497525
kgw-09,512,11.974720848267795
kgw-09,512,12.302009006152911
kgw-09,512,13.740730129708147
